Date,Name,Year,Letterboxd URI
2021-06-29,V for Vendetta,2005,https://boxd.it/29Ik
2021-06-29,Contact,1997,https://boxd.it/29OM
2021-06-29,Arrival,2016,https://boxd.it/aNGk
2021-06-29,Avatar,2009,https://boxd.it/1Efm
2021-06-29,Déjà Vu,2006,https://boxd.it/20PQ
2021-06-29,The Thirteenth Floor,1999,https://boxd.it/294Y
2021-06-29,Shutter Island,2010,https://boxd.it/1U82
2021-06-29,The Raven,2012,https://boxd.it/2twS
2021-06-29,Se7en,1995,https://boxd.it/29zs
2021-06-29,Prisoners,2013,https://boxd.it/4E5i
2021-06-29,The Illusionist,2006,https://boxd.it/28H6
2021-06-29,Braveheart,1995,https://boxd.it/2aTI
2021-06-29,Donnie Darko,2001,https://boxd.it/2b2A
2021-06-29,The Fountain,2006,https://boxd.it/28RU
2021-06-29,Ad Astra,2019,https://boxd.it/ePzI
2021-06-29,Stalker,1979,https://boxd.it/28PO
2021-06-29,The Number 23,2007,https://boxd.it/258C
2021-06-29,The Tree of Life,2011,https://boxd.it/1Zu8
2021-06-29,The Thin Red Line,1998,https://boxd.it/1ZTM
2021-06-29,Minority Report,2002,https://boxd.it/2aWi
2021-06-29,Gladiator,2000,https://boxd.it/2b9m
2021-06-29,K-PAX,2001,https://boxd.it/2aYo
2021-06-29,The Green Mile,1999,https://boxd.it/2agG
2021-06-29,The Abyss,1989,https://boxd.it/26mK
2021-06-29,Dark City,1998,https://boxd.it/26uk
2021-06-29,The Curious Case of Benjamin Button,2008,https://boxd.it/23Fk
2021-06-29,Stonehearst Asylum,2014,https://boxd.it/6dMI
2021-06-29,Joker,2019,https://boxd.it/h4cS
2021-06-29,The Truman Show,1998,https://boxd.it/18U8
2021-06-29,Blade Runner,1982,https://boxd.it/2bcA
2021-06-29,Another Earth,2011,https://boxd.it/rRA
2021-06-29,Mystic River,2003,https://boxd.it/2aAG
2021-06-29,Solaris,1972,https://boxd.it/2a2Y
2021-06-29,1917,2019,https://boxd.it/jj4y
2021-06-29,Mirror,1975,https://boxd.it/28Q8
2021-06-29,The Sacrifice,1986,https://boxd.it/1xg8
2021-06-29,The Lord of the Rings: The Fellowship of the Ring,2001,https://boxd.it/2b5O
2021-06-29,The Lord of the Rings: The Two Towers,2002,https://boxd.it/2b5E
2021-06-29,The Lord of the Rings: The Return of the King,2003,https://boxd.it/2b5u
2021-06-29,The Matrix,1999,https://boxd.it/2a1m
2021-06-29,Nostalgia,1983,https://boxd.it/28Qi
2021-06-29,Following,1998,https://boxd.it/1Tj4
2021-06-29,Memento,2000,https://boxd.it/2bcK
2021-06-29,Insomnia,2002,https://boxd.it/2aB0
2021-06-29,Batman Begins,2005,https://boxd.it/2aIg
2021-06-29,The Dark Knight,2008,https://boxd.it/2b0k
2021-06-29,The Dark Knight Rises,2012,https://boxd.it/H3m
2021-06-29,The Prestige,2006,https://boxd.it/293w
2021-06-29,Inception,2010,https://boxd.it/1skk
2021-06-29,Interstellar,2014,https://boxd.it/4VZ8
2021-06-29,Dunkirk,2017,https://boxd.it/d0Y6
2021-06-29,Ivan's Childhood,1962,https://boxd.it/1j6y
2021-06-29,Andrei Rublev,1966,https://boxd.it/29lg
2021-06-29,A Hidden Life,2019,https://boxd.it/eb1Q
2021-06-29,The Usual Suspects,1995,https://boxd.it/29XE
2021-06-29,Days of Heaven,1978,https://boxd.it/1JRg
2021-06-29,Badlands,1973,https://boxd.it/25Fm
2021-06-29,The New World,2005,https://boxd.it/1TVW
2021-06-29,The Straight Story,1999,https://boxd.it/2ass
2021-06-29,Upstream Color,2013,https://boxd.it/4Cwc
2021-06-29,Tenet,2020,https://boxd.it/leq4
2021-06-29,The Matrix Revolutions,2003,https://boxd.it/2a12
2021-06-29,The Matrix Reloaded,2003,https://boxd.it/2a1c
2021-06-29,Nightcrawler,2014,https://boxd.it/780m
2021-06-29,Dark River,2017,https://boxd.it/fcG8
2021-06-29,Birdman or (The Unexpected Virtue of Ignorance),2014,https://boxd.it/5RFA
2021-06-29,Gone Baby Gone,2007,https://boxd.it/23R6
2021-06-29,Manchester by the Sea,2016,https://boxd.it/b2L0
2021-06-29,A Ghost Story,2017,https://boxd.it/fb0K
2021-06-29,The Silence of the Lambs,1991,https://boxd.it/2aHW
2021-06-29,The Lobster,2015,https://boxd.it/7tnw
2021-06-29,The Sea of Trees,2015,https://boxd.it/987m
2021-06-29,Parasite,2019,https://boxd.it/hTha
2021-06-29,Spotlight,2015,https://boxd.it/a84k
2021-06-29,Burning,2018,https://boxd.it/hHUa
2021-06-29,Amour,2012,https://boxd.it/34Q6
2021-06-29,Blade Runner 2049,2017,https://boxd.it/b8wK
2021-06-29,Caché,2005,https://boxd.it/2amY
2021-06-29,Sound of Metal,2019,https://boxd.it/i7Q4
2021-06-29,The Assistant,2019,https://boxd.it/neWo
2021-06-29,Happy End,2017,https://boxd.it/dZ2C
2021-06-29,Drive,2011,https://boxd.it/IG
2021-06-29,La La Land,2016,https://boxd.it/a5fa
2021-06-29,Ex Machina,2015,https://boxd.it/7T2k
2021-06-29,Mr. Nobody,2009,https://boxd.it/1k44
2021-06-29,Roma,2018,https://boxd.it/f69M
2021-06-29,Children of Men,2006,https://boxd.it/1Y2i
2021-06-29,Nocturnal Animals,2016,https://boxd.it/bkFu
2021-06-29,Three Colours: Blue,1993,https://boxd.it/2b7K
2021-06-29,Three Colours: White,1994,https://boxd.it/2b7A
2021-06-29,Three Colours: Red,1994,https://boxd.it/2b7q
2021-06-29,Pieces of a Woman,2020,https://boxd.it/nOrQ
2021-06-29,Inside Llewyn Davis,2013,https://boxd.it/34Ro
2021-06-29,Pulp Fiction,1994,https://boxd.it/29Pq
2021-06-29,To the Wonder,2012,https://boxd.it/gpU
2021-06-29,The Grand Budapest Hotel,2014,https://boxd.it/3ZqO
2021-06-29,Midnight in Paris,2011,https://boxd.it/i4a
2021-06-29,The Revenant,2015,https://boxd.it/8H5e
2021-06-29,Whiplash,2014,https://boxd.it/7bQA
2021-06-29,Life of Pi,2012,https://boxd.it/37pC
2021-06-29,The Diving Bell and the Butterfly,2007,https://boxd.it/27Di
2021-06-29,The Hunt,2012,https://boxd.it/3wEC
2021-06-29,The Double Life of Véronique,1991,https://boxd.it/28va
2021-06-29,Phantom Thread,2017,https://boxd.it/e4uc
2021-06-29,The Departed,2006,https://boxd.it/28MA
2021-06-29,No Country for Old Men,2007,https://boxd.it/21ew
2021-06-29,There Will Be Blood,2007,https://boxd.it/20Z2
2021-06-29,Song to Song,2017,https://boxd.it/aR5C
2021-06-30,Dogville,2003,https://boxd.it/2a8W
2021-06-30,Moonrise Kingdom,2012,https://boxd.it/2Wng
2021-06-30,Her,2013,https://boxd.it/4O24
2021-07-01,American Hustle,2013,https://boxd.it/5dz8
2021-07-01,Gravity,2013,https://boxd.it/GZY
2021-07-01,2001: A Space Odyssey,1968,https://boxd.it/2bf0
2021-07-02,Fight Club,1999,https://boxd.it/2a9q
2021-07-02,The Man from Earth,2007,https://boxd.it/1Ql2
2021-07-02,The Florida Project,2017,https://boxd.it/dMG0
2021-07-02,Enemy,2013,https://boxd.it/5xtO
2021-07-03,I Origins,2014,https://boxd.it/7aRM
2021-07-03,The Square,2017,https://boxd.it/e5YW
2021-07-04,Taxi Driver,1976,https://boxd.it/2b8y
2021-07-04,Eternal Sunshine of the Spotless Mind,2004,https://boxd.it/6YK
2021-07-04,Cold War,2018,https://boxd.it/fEoc
2021-07-05,Lost in Translation,2003,https://boxd.it/2b0E
2021-07-05,Titanic,1997,https://boxd.it/2a2k
2021-07-06,The Lives of Others,2006,https://boxd.it/2a4A
2021-07-06,The Big Lebowski,1998,https://boxd.it/2b6C
2021-07-06,Moon,2009,https://boxd.it/1IGQ
2021-07-07,Fargo,1996,https://boxd.it/2aHM
2021-07-07,The Shawshank Redemption,1994,https://boxd.it/2aHi
2021-07-08,12 Angry Men,1957,https://boxd.it/2auI
2021-07-09,GoodFellas,1990,https://boxd.it/29FA
2021-07-09,One Flew Over the Cuckoo's Nest,1975,https://boxd.it/2aeA
2021-07-10,Forrest Gump,1994,https://boxd.it/728
2021-07-11,The Sea Inside,2004,https://boxd.it/27S8
2021-07-12,Loveless,2017,https://boxd.it/fcFa
2021-07-13,Magnolia,1999,https://boxd.it/2aze
2021-07-13,Leviathan,2014,https://boxd.it/7Ub8
2021-07-14,The Royal Tenenbaums,2001,https://boxd.it/1YHU
2021-07-14,Being John Malkovich,1999,https://boxd.it/2ahu
2021-07-15,Knight of Cups,2015,https://boxd.it/34Qq
2021-07-15,Sicario,2015,https://boxd.it/8i7u
2021-07-16,The Godfather,1972,https://boxd.it/2aNK
2021-07-16,Wind River,2017,https://boxd.it/dR3i
2021-07-17,L.A. Confidential,1997,https://boxd.it/27oC
2021-07-17,The Pianist,2002,https://boxd.it/2aqc
2021-07-18,"Synecdoche, New York",2008,https://boxd.it/23zw
2021-07-19,Pan's Labyrinth,2006,https://boxd.it/28No
2021-07-19,Mommy,2014,https://boxd.it/7Uau
2021-07-20,The Imitation Game,2014,https://boxd.it/6aig
2021-07-22,The Wrestler,2008,https://boxd.it/1So8
2021-07-23,Django Unchained,2012,https://boxd.it/2cCk
2021-07-23,Léon: The Professional,1994,https://boxd.it/2b8S
2021-07-23,A Beautiful Mind,2001,https://boxd.it/2amk
2021-07-31,Melancholia,2011,https://boxd.it/bPI
2021-08-05,The Shape of Water,2017,https://boxd.it/dZ5m
2021-08-06,The Master,2012,https://boxd.it/2cBG
2021-08-08,Requiem for a Dream,2000,https://boxd.it/29VI
2021-08-08,Black Swan,2010,https://boxd.it/Sw0
2021-08-09,Incendies,2010,https://boxd.it/Msm
2021-08-10,Mulholland Drive,2001,https://boxd.it/297o
2021-08-10,The Seventh Seal,1957,https://boxd.it/2ahO
2021-08-10,Schindler's List,1993,https://boxd.it/2aq2
2021-08-11,Blue Velvet,1986,https://boxd.it/29BI
2021-08-12,Gone Girl,2014,https://boxd.it/6hQu
2021-08-12,Moonlight,2016,https://boxd.it/d6bE
2021-08-14,Zodiac,2007,https://boxd.it/27MO
2021-08-14,Lost Highway,1997,https://boxd.it/29Wc
2021-08-15,A Clockwork Orange,1971,https://boxd.it/2aVE
2021-08-15,Inglourious Basterds,2009,https://boxd.it/1JzG
2021-08-16,Oldboy,2003,https://boxd.it/29R2
2021-08-17,Undine,2020,https://boxd.it/mM3K
2021-08-20,Under the Skin,2013,https://boxd.it/3mDa
2021-08-22,Blue Valentine,2010,https://boxd.it/MxG
2021-08-24,The Green Knight,2021,https://boxd.it/kuy2
2021-08-24,The Lighthouse,2019,https://boxd.it/icFU
2021-08-25,Persona,1966,https://boxd.it/29B4
2021-08-26,"Oslo, August 31st",2011,https://boxd.it/2xQC
2021-08-26,The Killing of a Sacred Deer,2017,https://boxd.it/dZ5G
2021-08-28,American Beauty,1999,https://boxd.it/71Y
2021-08-28,Thelma,2017,https://boxd.it/e7Ce
2021-08-29,The Shining,1980,https://boxd.it/29Nu
2021-09-02,The White Ribbon,2009,https://boxd.it/17eU
2021-09-06,Eyes Wide Shut,1999,https://boxd.it/2axs
2021-09-25,Full Metal Jacket,1987,https://boxd.it/2a1Q
2021-10-13,The Witch,2015,https://boxd.it/9X0m
2021-10-21,The Skin I Live In,2011,https://boxd.it/99A
2021-10-26,Eternity and a Day,1998,https://boxd.it/1wSq
2021-11-02,Dune,2021,https://boxd.it/fA7G
2021-11-03,Titane,2021,https://boxd.it/nlQC
2021-11-18,Marriage Story,2019,https://boxd.it/hJAw
2021-12-01,Last Night in Soho,2021,https://boxd.it/lbJC
2021-12-05,The French Dispatch,2021,https://boxd.it/jLP8
2021-12-11,The Worst Person in the World,2021,https://boxd.it/oyws
2021-12-15,The Machinist,2004,https://boxd.it/248c
2021-12-28,The Matrix Resurrections,2021,https://boxd.it/n87k
2021-12-29,Coherence,2013,https://boxd.it/6xza
2021-12-29,Annihilation,2018,https://boxd.it/9yzm
2022-01-02,The Invisible Man,2020,https://boxd.it/kWlA
2022-01-06,Midsommar,2019,https://boxd.it/jhxe
2022-01-09,High Life,2018,https://boxd.it/d6bk
2022-01-09,Babel,2006,https://boxd.it/292o
2022-01-10,Shame,2011,https://boxd.it/2CxU
2022-01-10,The Secret in Their Eyes,2009,https://boxd.it/1vWw
2022-01-12,The Godfather: Part II,1974,https://boxd.it/2aNq
2022-01-12,Stay,2005,https://boxd.it/20BE
2022-01-14,Scarface,1983,https://boxd.it/2b7g
2022-01-15,Phoenix,2014,https://boxd.it/7u46
2022-01-16,Heat,1995,https://boxd.it/2bg8
2022-01-17,The Godfather: Part III,1990,https://boxd.it/2aN6
2022-01-17,Before the Rain,1994,https://boxd.it/1FAq
2022-01-21,The Hateful Eight,2015,https://boxd.it/8gw8
2022-01-21,Slumdog Millionaire,2008,https://boxd.it/1S3E
2022-01-22,mother!,2017,https://boxd.it/dgRU
2022-01-23,Predestination,2014,https://boxd.it/6bJM
2022-01-23,Transit,2018,https://boxd.it/gUK6
2022-01-25,Dogtooth,2009,https://boxd.it/158K
2022-01-26,Wild Strawberries,1957,https://boxd.it/29ZU
2022-01-27,The Sixth Sense,1999,https://boxd.it/29Js
2022-01-29,Cries and Whispers,1972,https://boxd.it/1WK8
2022-02-05,Autumn Sonata,1978,https://boxd.it/1Rio
2022-02-12,Nightmare Alley,2021,https://boxd.it/m0HC
2022-02-13,American Psycho,2000,https://boxd.it/28Vs
2022-02-21,Hereditary,2018,https://boxd.it/hNVe
2022-02-22,Get Out,2017,https://boxd.it/eOCm
2022-02-23,Raw,2016,https://boxd.it/dLd2
2022-02-25,"Three Billboards Outside Ebbing, Missouri",2017,https://boxd.it/ceBS
2022-03-06,The Batman,2022,https://boxd.it/eDGs
2022-03-07,The Lost Daughter,2021,https://boxd.it/kgww
2022-03-29,Apocalypse Now,1979,https://boxd.it/6ZS
2022-04-02,Dancer in the Dark,2000,https://boxd.it/71E
2022-04-03,Annette,2021,https://boxd.it/f0RS
2022-04-03,Blood Simple,1984,https://boxd.it/1U16
2022-04-04,Parallel Mothers,2021,https://boxd.it/sOP4
2022-04-09,Kill Bill: Vol. 1,2003,https://boxd.it/70w
2022-04-09,Kill Bill: Vol. 2,2004,https://boxd.it/2au4
2022-04-26,The Northman,2022,https://boxd.it/nK2s
2022-05-01,Scent of a Woman,1992,https://boxd.it/1YAu
2022-05-04,Never Let Me Go,2010,https://boxd.it/Xw0
2022-05-05,Never Look Away,2018,https://boxd.it/eZns
2022-05-10,Antichrist,2009,https://boxd.it/1Inu
2022-05-14,Suspiria,2018,https://boxd.it/cioI
2022-06-03,The Neon Demon,2016,https://boxd.it/9AnW
2022-06-04,Licorice Pizza,2021,https://boxd.it/qTKY
2022-06-05,Picnic at Hanging Rock,1975,https://boxd.it/1UQe
2022-06-06,Vortex,2021,https://boxd.it/uoni
2022-06-07,The Devil's Advocate,1997,https://boxd.it/286k
2022-06-08,Possessor,2020,https://boxd.it/fsJW
2022-06-10,Hiroshima Mon Amour,1959,https://boxd.it/22WY
2022-06-16,Rear Window,1954,https://boxd.it/2a6Q
2022-06-19,Vertigo,1958,https://boxd.it/2apI
2022-06-21,Psycho,1960,https://boxd.it/2ab2
2022-06-21,Funny Games,1997,https://boxd.it/1WKM
2022-06-23,The Piano Teacher,2001,https://boxd.it/2886
2022-06-24,Force Majeure,2014,https://boxd.it/7UcA
2022-06-25,On Body and Soul,2017,https://boxd.it/fu7A
2022-06-27,Lovers of the Arctic Circle,1998,https://boxd.it/28NS
2022-06-29,Frantz,2016,https://boxd.it/d6Ym
2022-07-03,The Last Duel,2021,https://boxd.it/mQbe
2022-07-05,Comet,2014,https://boxd.it/8r08
2022-07-05,Crimes of the Future,2022,https://boxd.it/uTuY
2022-07-17,The Weeping Meadow,2004,https://boxd.it/177k
2022-08-02,Prometheus,2012,https://boxd.it/2s9e
2022-08-24,We Need to Talk About Kevin,2011,https://boxd.it/2pTS
2022-08-27,Blind,2014,https://boxd.it/7dB8
2022-08-29,Another Round,2020,https://boxd.it/lkba
2022-08-30,A Short Film About Love,1988,https://boxd.it/1jXC
2022-08-31,A Short Film About Killing,1988,https://boxd.it/1VtK
2022-08-31,Memoria,2021,https://boxd.it/iwtE
2022-09-02,Petite Maman,2021,https://boxd.it/s6je
2022-09-04,Shoplifters,2018,https://boxd.it/ifY6
2022-09-06,The Green Ray,1986,https://boxd.it/t8W
2022-09-10,Swimming Pool,2003,https://boxd.it/2aDU
2022-09-11,Lamb,2021,https://boxd.it/tFwE
2022-10-14,The Game,1997,https://boxd.it/26vC
2022-12-12,Before Sunrise,1995,https://boxd.it/2bcU
2023-01-08,Aftersun,2022,https://boxd.it/Arw0
2023-01-09,Love Me If You Dare,2003,https://boxd.it/20bm
2023-01-10,The Pale Blue Eye,2022,https://boxd.it/u8tk
2023-01-12,Reprise,2006,https://boxd.it/1Sji
2023-01-14,About Time,2013,https://boxd.it/43bI
2023-01-15,The Others,2001,https://boxd.it/27Po
2023-01-15,The Hobbit: An Unexpected Journey,2012,https://boxd.it/GZk
2023-01-16,The Hobbit: The Desolation of Smaug,2013,https://boxd.it/nmS
2023-01-17,Atonement,2007,https://boxd.it/24ui
2023-01-18,The Hobbit: The Battle of the Five Armies,2014,https://boxd.it/43aU
2023-01-23,Big Fish,2003,https://boxd.it/2a3M
2023-02-02,Coco,2017,https://boxd.it/bYJQ
2023-02-02,Carol,2015,https://boxd.it/7DPK
2023-02-05,Once Upon a Time… in Hollywood,2019,https://boxd.it/gH0O
2023-02-05,Babylon,2022,https://boxd.it/mM02
2023-02-10,Breaking the Waves,1996,https://boxd.it/2b1W
2023-02-13,Nymphomaniac: Vol. I,2013,https://boxd.it/7DiG
2023-02-14,Nymphomaniac: Vol. II,2013,https://boxd.it/7j9Y
2023-03-22,John Wick,2014,https://boxd.it/7dEc
2023-03-22,John Wick: Chapter 2,2017,https://boxd.it/ayGu
2023-03-22,John Wick: Chapter 3 – Parabellum,2019,https://boxd.it/gmFw
2023-04-19,Avatar: The Way of Water,2022,https://boxd.it/2E2E
2023-04-27,Basic Instinct,1992,https://boxd.it/2asM
2023-04-27,Boogie Nights,1997,https://boxd.it/23um
2023-04-27,Lantana,2001,https://boxd.it/1Yt4
2023-04-27,Vicky Cristina Barcelona,2008,https://boxd.it/23rW
2023-04-28,Under the Silver Lake,2018,https://boxd.it/dSAs
2023-04-30,The Elephant Man,1980,https://boxd.it/27LQ
2023-04-30,The Virgin Suicides,1999,https://boxd.it/28JG
2023-05-07,"Paris, Texas",1984,https://boxd.it/29Ts
2023-05-25,Girl with a Pearl Earring,2003,https://boxd.it/256G
2023-06-16,Beau Is Afraid,2023,https://boxd.it/u2gE
2023-06-17,Asteroid City,2023,https://boxd.it/s3ds
2023-06-18,Portrait of a Lady on Fire,2019,https://boxd.it/jkPq
2023-06-19,Triangle of Sadness,2022,https://boxd.it/hXlq
2023-06-20,The Tragedy of Macbeth,2021,https://boxd.it/lMi4
2023-06-20,L'Avventura,1960,https://boxd.it/23hs
2023-06-21,The Third Man,1949,https://boxd.it/294E
2023-06-22,Pirates of the Caribbean: The Curse of the Black Pearl,2003,https://boxd.it/70G
2023-06-22,Pirates of the Caribbean: Dead Man's Chest,2006,https://boxd.it/2bfk
2023-06-22,Pirates of the Caribbean: At World's End,2007,https://boxd.it/2aGu
2023-06-22,Vanilla Sky,2001,https://boxd.it/27TK
2023-06-29,Naked,1993,https://boxd.it/1BT4
2023-07-02,Awakenings,1990,https://boxd.it/1USu
2023-07-02,Inherent Vice,2014,https://boxd.it/5hla
2023-07-04,Still Alice,2014,https://boxd.it/8Nhq
2023-07-07,The Father,2020,https://boxd.it/m8Ie
2023-07-14,The Banshees of Inisherin,2022,https://boxd.it/p7XS
2023-07-16,Amélie,2001,https://boxd.it/2aUc
2023-07-20,The Wolf of Wall Street,2013,https://boxd.it/3C1m
2023-07-26,Oppenheimer,2023,https://boxd.it/wUow
2023-07-30,The Immigrant,2013,https://boxd.it/4O2e
2023-07-31,Memories of Murder,2003,https://boxd.it/1TSo
2023-08-02,Chocolat,2000,https://boxd.it/2aue
2023-08-03,Biutiful,2010,https://boxd.it/OiI
2023-08-03,Wings of Desire,1987,https://boxd.it/2b26
2023-08-18,The Nice Guys,2016,https://boxd.it/94Hg
2023-08-19,John Wick: Chapter 4,2023,https://boxd.it/mh48
2023-08-19,Primal Fear,1996,https://boxd.it/28ws
2023-08-22,Frances Ha,2012,https://boxd.it/41Xg
2023-08-24,The Broken Circle Breakdown,2012,https://boxd.it/4pHm
2023-08-24,A Summer's Tale,1996,https://boxd.it/183e
2023-08-26,All Quiet on the Western Front,2022,https://boxd.it/H08
2023-08-30,A Tale of Autumn,1998,https://boxd.it/1WJY
2023-08-30,A Tale of Winter,1992,https://boxd.it/1WJO
2023-11-25,Napoleon,2023,https://boxd.it/shJM
2023-12-05,The Confession,2001,https://boxd.it/2KtQ
2023-12-07,Afire,2023,https://boxd.it/y06K
2023-12-27,Life,2023,https://boxd.it/qAeO
2024-01-06,How to Have Sex,2023,https://boxd.it/EFIM
2024-01-09,Anatomy of a Fall,2023,https://boxd.it/yuDE
2024-01-10,Beginning,2020,https://boxd.it/qEyS
2024-01-12,Benedetta,2021,https://boxd.it/gdNQ
2024-01-12,Inside,2012,https://boxd.it/3tPi
2024-01-13,Vagabond,1985,https://boxd.it/T0u
